timestamp_video,timestamp_wall,event_type,confidence,details
0:00:01,2026-03-29 20:57:26,Violence,0.802,
0:00:01,2026-03-29 20:57:29,Violence,0.9937,
0:00:01,2026-03-29 20:57:33,Violence,0.978,
0:00:01,2026-03-29 20:57:36,Violence,0.9975,
0:00:02,2026-03-29 20:57:40,Violence,0.9992,
0:00:02,2026-03-29 20:57:41,Smoke,0.6502,"(516, 445, 555, 476)"
0:00:02,2026-03-29 20:57:44,Violence,0.9967,
0:00:02,2026-03-29 20:57:48,Violence,0.9983,
0:00:03,2026-03-29 20:57:51,Violence,0.9997,
0:00:03,2026-03-29 20:57:54,Violence,0.999,
0:00:03,2026-03-29 20:57:54,Gun,0.5518,"(353, 257, 550, 462)"
0:00:03,2026-03-29 20:57:58,Violence,0.9986,
0:00:03,2026-03-29 20:58:02,Violence,0.9993,
0:00:04,2026-03-29 20:58:05,Violence,0.9968,
0:00:04,2026-03-29 20:58:08,Violence,0.9993,
0:00:04,2026-03-29 20:58:12,Violence,0.9947,
0:00:05,2026-03-29 20:58:15,Violence,0.9909,
0:00:05,2026-03-29 20:58:19,Violence,0.9995,
0:00:06,2026-03-29 20:58:22,Violence,0.9993,
0:00:06,2026-03-29 20:58:25,Violence,0.997,
0:00:06,2026-03-29 20:58:29,Violence,0.9984,
0:00:07,2026-03-29 20:58:33,Violence,0.9998,
0:00:07,2026-03-29 20:58:36,Violence,0.9988,
0:00:08,2026-03-29 20:58:39,Violence,0.998,
0:00:08,2026-03-29 20:58:43,Violence,0.9998,
0:00:09,2026-03-29 20:58:46,Violence,0.999,
0:00:09,2026-03-29 20:58:50,Violence,0.9984,
0:00:09,2026-03-29 20:58:53,Violence,0.9962,
0:00:09,2026-03-29 20:58:57,Violence,0.9998,
0:00:10,2026-03-29 20:59:00,Violence,0.9992,
0:00:10,2026-03-29 20:59:04,Violence,0.9992,
0:00:10,2026-03-29 20:59:07,Violence,0.9995,
0:00:11,2026-03-29 20:59:11,Violence,0.9999,
0:00:11,2026-03-29 20:59:14,Violence,0.9998,
0:00:12,2026-03-29 20:59:18,Violence,0.9998,
0:00:12,2026-03-29 20:59:21,Violence,0.9995,
0:00:12,2026-03-29 20:59:24,Violence,0.9992,
0:00:12,2026-03-29 20:59:28,Violence,0.9996,
0:00:13,2026-03-29 20:59:33,Violence,0.9984,
0:00:13,2026-03-29 20:59:36,Violence,0.9994,
0:00:13,2026-03-29 20:59:40,Violence,0.9976,
0:00:13,2026-03-29 20:59:43,Violence,0.9993,
0:00:14,2026-03-29 20:59:44,Gun,0.5683,"(14, 104, 630, 337)"
0:00:14,2026-03-29 20:59:47,Violence,0.9976,
0:00:14,2026-03-29 20:59:50,Violence,0.9979,
0:00:15,2026-03-29 20:59:54,Violence,0.9989,
0:00:15,2026-03-29 20:59:57,Violence,0.9932,
0:00:15,2026-03-29 21:00:01,Violence,0.9963,
0:00:16,2026-03-29 21:00:04,Violence,0.9995,
0:00:16,2026-03-29 21:00:07,Violence,0.9985,
0:00:16,2026-03-29 21:00:12,Violence,0.9995,
0:00:16,2026-03-29 21:00:15,Violence,0.999,
0:00:17,2026-03-29 21:00:19,Violence,0.9974,
0:00:17,2026-03-29 21:00:20,Gun,0.5147,"(130, 37, 635, 451)"
0:00:17,2026-03-29 21:00:23,Violence,0.9998,
0:00:17,2026-03-29 21:00:26,Violence,0.9944,
0:00:18,2026-03-29 21:00:29,Violence,0.9956,
0:00:18,2026-03-29 21:00:33,Violence,0.9981,
0:00:19,2026-03-29 21:00:36,Violence,0.9975,
0:00:19,2026-03-29 21:00:40,Violence,0.9951,
0:00:20,2026-03-29 21:00:43,Violence,0.9987,
0:00:20,2026-03-29 21:00:46,Violence,0.9939,
0:00:20,2026-03-29 21:00:49,Violence,0.7531,
0:00:01,2026-03-29 21:04:38,Violence,0.802,
0:00:01,2026-03-29 21:04:41,Violence,0.9915,
0:00:01,2026-03-29 21:04:45,Violence,0.9868,
0:00:01,2026-03-29 21:04:48,Violence,0.994,
0:00:02,2026-03-29 21:04:53,Violence,0.9973,
0:00:02,2026-03-29 21:04:58,Violence,0.9992,
0:00:02,2026-03-29 21:05:01,Smoke,0.6502,"(516, 445, 555, 476)"
0:00:02,2026-03-29 21:05:02,Violence,0.9987,
0:00:02,2026-03-29 21:05:05,Violence,0.9983,
0:00:03,2026-03-29 21:05:09,Violence,0.9997,
0:00:03,2026-03-29 21:05:11,Gun,0.5518,"(353, 257, 550, 462)"
0:00:03,2026-03-29 21:05:13,Violence,0.999,
0:00:03,2026-03-29 21:05:16,Violence,0.9999,
0:00:03,2026-03-29 21:05:20,Violence,0.9997,
0:00:04,2026-03-29 21:05:23,Violence,0.9968,
0:00:04,2026-03-29 21:05:27,Violence,0.9959,
0:00:04,2026-03-29 21:05:31,Violence,0.9929,
0:00:04,2026-03-29 21:05:34,Violence,0.9967,
0:00:05,2026-03-29 21:05:37,Violence,0.9997,
0:00:05,2026-03-29 21:05:41,Violence,0.9908,
0:00:05,2026-03-29 21:05:45,Violence,0.9992,
0:00:06,2026-03-29 21:05:48,Violence,0.9993,
0:00:06,2026-03-29 21:05:51,Violence,0.9992,
0:00:06,2026-03-29 21:05:55,Violence,0.9992,
0:00:07,2026-03-29 21:05:58,Violence,0.9996,
0:00:07,2026-03-29 21:06:02,Violence,0.9993,
0:00:07,2026-03-29 21:06:06,Violence,0.9998,
0:00:07,2026-03-29 21:06:09,Violence,0.9996,
0:00:07,2026-03-29 21:06:13,Violence,0.998,
0:00:08,2026-03-29 21:06:16,Violence,0.998,
0:00:08,2026-03-29 21:06:20,Violence,0.9998,
0:00:08,2026-03-29 21:06:23,Violence,0.9997,
0:00:08,2026-03-29 21:06:30,Violence,0.9994,
0:00:09,2026-03-29 21:06:34,Violence,0.9987,
0:00:09,2026-03-29 21:06:38,Violence,0.9972,
0:00:09,2026-03-29 21:06:41,Violence,0.9998,
0:00:09,2026-03-29 21:06:46,Violence,0.9998,
0:00:10,2026-03-29 21:06:50,Violence,0.9992,
0:00:10,2026-03-29 21:06:53,Violence,0.9998,
0:00:10,2026-03-29 21:06:57,Violence,0.9992,
0:00:10,2026-03-29 21:07:02,Violence,0.9999,
0:00:11,2026-03-29 21:07:07,Violence,0.9996,
0:00:11,2026-03-29 21:07:11,Violence,0.9997,
0:00:11,2026-03-29 21:07:14,Violence,0.9998,
0:00:11,2026-03-29 21:07:18,Violence,0.9998,
0:00:12,2026-03-29 21:07:21,Violence,0.9998,
0:00:12,2026-03-29 21:07:25,Violence,0.9995,
0:00:12,2026-03-29 21:07:29,Violence,0.9994,
0:00:13,2026-03-29 21:07:32,Violence,0.9984,
0:00:13,2026-03-29 21:07:36,Violence,0.9981,
0:00:13,2026-03-29 21:07:39,Violence,0.9988,
0:00:13,2026-03-29 21:07:44,Violence,0.9993,
0:00:14,2026-03-29 21:07:45,Gun,0.5683,"(14, 104, 630, 337)"
0:00:14,2026-03-29 21:07:47,Violence,0.9949,
0:00:14,2026-03-29 21:07:51,Violence,0.9974,
0:00:14,2026-03-29 21:07:55,Violence,0.9992,
0:00:15,2026-03-29 21:07:59,Violence,0.9986,
0:00:15,2026-03-29 21:08:02,Violence,0.9932,
0:00:15,2026-03-29 21:08:05,Violence,0.9998,
0:00:16,2026-03-29 21:08:09,Violence,0.998,
0:00:16,2026-03-29 21:08:12,Violence,0.9964,
0:00:16,2026-03-29 21:08:16,Violence,0.9995,
0:00:17,2026-03-29 21:08:20,Violence,0.999,
0:00:17,2026-03-29 21:08:23,Violence,0.9936,
0:00:17,2026-03-29 21:08:23,Gun,0.5147,"(130, 37, 635, 451)"
0:00:17,2026-03-29 21:08:27,Violence,0.9998,
0:00:18,2026-03-29 21:08:31,Violence,0.9974,
0:00:18,2026-03-29 21:08:34,Violence,0.9951,
0:00:18,2026-03-29 21:08:37,Violence,0.9981,
0:00:19,2026-03-29 21:08:40,Violence,0.9975,
0:00:19,2026-03-29 21:08:44,Violence,0.9951,
0:00:20,2026-03-29 21:08:47,Violence,0.9987,
0:00:20,2026-03-29 21:08:50,Violence,0.9884,
0:00:20,2026-03-29 21:08:54,Violence,0.9761,
0:00:01,2026-03-29 21:12:30,Violence,0.802,
0:00:01,2026-03-29 21:12:34,Violence,0.9937,
0:00:01,2026-03-29 21:12:37,Violence,0.9724,
0:00:02,2026-03-29 21:12:40,Violence,0.9957,
0:00:02,2026-03-29 21:12:43,Smoke,0.6502,"(516, 445, 555, 476)"
0:00:02,2026-03-29 21:12:44,Violence,0.9987,
0:00:02,2026-03-29 21:12:47,Violence,0.9962,
0:00:03,2026-03-29 21:12:51,Violence,0.995,
0:00:03,2026-03-29 21:12:54,Violence,0.9998,
0:00:03,2026-03-29 21:12:56,Gun,0.5518,"(353, 257, 550, 462)"
0:00:03,2026-03-29 21:12:57,Violence,0.999,
0:00:03,2026-03-29 21:13:01,Violence,0.9999,
0:00:00,2026-03-29 21:14:16,Fire,0.8415,"(63, 2, 231, 155)"
0:00:00,2026-03-29 21:14:19,Fire,0.8469,"(93, 41, 248, 188)"
0:00:00,2026-03-29 21:14:24,Fire,0.8625,"(131, 42, 254, 190)"
0:00:00,2026-03-29 21:14:27,Fire,0.8076,"(117, 38, 242, 193)"
0:00:00,2026-03-29 21:14:31,Fire,0.849,"(100, 40, 256, 181)"
0:00:00,2026-03-29 21:14:34,Fire,0.8481,"(85, 16, 236, 171)"
0:00:00,2026-03-29 21:14:37,Fire,0.8532,"(61, 2, 218, 155)"
0:00:01,2026-03-29 21:14:41,Fire,0.8592,"(50, 3, 206, 145)"
0:00:01,2026-03-29 21:14:44,Fire,0.8213,"(41, 3, 204, 157)"
0:00:01,2026-03-29 21:14:47,Fire,0.8758,"(68, 23, 233, 173)"
0:00:01,2026-03-29 21:14:52,Fire,0.8623,"(121, 38, 264, 190)"
0:00:00,2026-03-29 21:15:35,Gun,0.5847,"(119, 1, 605, 454)"
0:00:00,2026-03-29 21:15:35,Fire,0.4198,"(254, 50, 280, 82)"
0:00:00,2026-03-29 21:15:40,Fire,0.53,"(252, 48, 283, 79)"
0:00:00,2026-03-29 21:15:50,Violence,0.7583,
0:00:00,2026-03-29 21:15:53,Violence,0.889,
0:00:00,2026-03-29 21:15:57,Violence,0.9383,
0:00:00,2026-03-29 21:16:01,Violence,0.9782,
0:00:00,2026-03-29 21:16:05,Violence,0.9586,
0:00:00,2026-03-29 21:16:05,Gun,0.4224,"(138, 2, 607, 311)"
0:00:00,2026-03-29 21:16:08,Violence,0.9644,
0:00:00,2026-03-29 21:16:08,Gun,0.4222,"(154, 3, 605, 301)"
0:00:00,2026-03-29 21:16:08,Fire,0.4197,"(252, 52, 275, 81)"
0:00:00,2026-03-29 21:16:11,Violence,0.943,
0:00:00,2026-03-29 21:16:12,Fire,0.4821,"(36, 430, 69, 480)"
0:00:01,2026-03-29 21:16:15,Violence,0.9683,
0:00:01,2026-03-29 21:16:19,Violence,0.9779,
0:00:01,2026-03-29 21:16:23,Violence,0.9907,
0:00:01,2026-03-29 21:16:26,Violence,0.9904,
0:00:01,2026-03-29 21:16:30,Violence,0.9879,
0:00:01,2026-03-29 21:16:32,Gun,0.487,"(179, 2, 553, 399)"
0:00:01,2026-03-29 21:16:34,Violence,0.9928,
0:00:01,2026-03-29 21:16:35,Gun,0.6384,"(183, 1, 553, 383)"
0:00:01,2026-03-29 21:16:38,Violence,0.9957,
0:00:01,2026-03-29 21:16:42,Violence,0.996,
0:00:01,2026-03-29 21:16:47,Violence,0.9985,
0:00:00,2026-03-29 21:17:23,Violence,0.9383,
0:00:00,2026-03-29 21:17:26,Violence,0.9714,
0:00:00,2026-03-29 21:17:30,Violence,0.974,
0:00:00,2026-03-29 21:17:35,Violence,0.9644,
0:00:00,2026-03-29 21:17:39,Violence,0.9647,
0:00:01,2026-03-29 21:17:43,Violence,0.9733,
0:00:01,2026-03-29 21:17:46,Violence,0.9907,
0:00:01,2026-03-29 21:17:49,Violence,0.9899,
0:00:01,2026-03-29 21:17:53,Violence,0.9928,
0:00:01,2026-03-29 21:17:56,Violence,0.9971,
0:00:01,2026-03-29 21:17:59,Violence,0.9985,
0:00:01,2026-03-29 21:18:03,Violence,0.9993,
0:00:02,2026-03-29 21:18:06,Violence,0.9994,
0:00:02,2026-03-29 21:18:10,Violence,0.9992,
0:00:02,2026-03-29 21:18:14,Violence,0.9979,
0:00:02,2026-03-29 21:18:18,Violence,0.9975,
0:00:02,2026-03-29 21:18:21,Violence,0.9975,
0:00:02,2026-03-29 21:18:25,Violence,0.9979,
0:00:02,2026-03-29 21:18:29,Violence,0.9987,
0:00:02,2026-03-29 21:18:33,Violence,0.9981,
0:00:02,2026-03-29 21:18:36,Violence,0.9943,
0:00:03,2026-03-29 21:18:40,Violence,0.9955,
0:00:03,2026-03-29 21:18:44,Violence,0.9876,
0:00:03,2026-03-29 21:18:47,Violence,0.9985,
0:00:03,2026-03-29 21:18:51,Violence,0.9919,
0:00:03,2026-03-29 21:18:56,Violence,0.9783,
0:00:01,2026-03-29 21:35:04,Violence,0.9064,
0:00:01,2026-03-29 21:35:08,Violence,0.9211,
0:00:01,2026-03-29 21:35:17,Violence,0.9148,
0:00:01,2026-03-29 21:35:20,Violence,0.9471,
0:00:01,2026-03-29 21:35:24,Violence,0.9409,
0:00:02,2026-03-29 21:35:29,Violence,0.9456,
0:00:02,2026-03-29 21:35:32,Violence,0.9543,
0:00:02,2026-03-29 21:35:35,Violence,0.95,
0:00:02,2026-03-29 21:35:38,Violence,0.9492,
0:00:02,2026-03-29 21:35:43,Violence,0.9352,
0:00:02,2026-03-29 21:35:47,Violence,0.923,
0:00:03,2026-03-29 21:35:50,Violence,0.9491,
0:00:03,2026-03-29 21:35:53,Violence,0.9568,
0:00:03,2026-03-29 21:35:56,Violence,0.9569,
0:00:03,2026-03-29 21:36:01,Violence,0.9668,
0:00:03,2026-03-29 21:36:04,Violence,0.9704,
0:00:03,2026-03-29 21:36:07,Violence,0.978,
0:00:03,2026-03-29 21:36:10,Violence,0.9765,
0:00:04,2026-03-29 21:36:13,Violence,0.9497,
0:00:06,2026-03-29 21:37:08,Violence,0.9138,
0:00:06,2026-03-29 21:37:11,Violence,0.9299,
0:00:06,2026-03-29 21:37:15,Violence,0.9759,
0:00:07,2026-03-29 21:37:20,Violence,0.9953,
0:00:07,2026-03-29 21:37:24,Violence,0.9941,
0:00:07,2026-03-29 21:37:27,Violence,0.9905,
0:00:07,2026-03-29 21:37:30,Violence,0.9878,
0:00:07,2026-03-29 21:37:34,Violence,0.9759,
0:00:07,2026-03-29 21:37:37,Violence,0.9821,
0:00:07,2026-03-29 21:37:40,Violence,0.991,
0:00:08,2026-03-29 21:37:43,Violence,0.9818,
0:00:08,2026-03-29 21:37:46,Violence,0.9887,
0:00:08,2026-03-29 21:37:49,Violence,0.9866,
0:00:08,2026-03-29 21:37:52,Violence,0.9815,
0:00:08,2026-03-29 21:37:56,Violence,0.9719,
0:00:08,2026-03-29 21:37:59,Violence,0.9783,
0:00:08,2026-03-29 21:38:02,Violence,0.9887,
0:00:09,2026-03-29 21:38:06,Violence,0.9785,
0:00:09,2026-03-29 21:38:09,Violence,0.9906,
0:00:09,2026-03-29 21:38:12,Violence,0.9951,
0:00:09,2026-03-29 21:38:15,Violence,0.9951,
0:00:09,2026-03-29 21:38:20,Violence,0.989,
0:00:09,2026-03-29 21:38:24,Violence,0.9943,
0:00:09,2026-03-29 21:38:27,Violence,0.9958,
0:00:10,2026-03-29 21:38:31,Violence,0.9959,
0:00:10,2026-03-29 21:38:34,Violence,0.998,
0:00:10,2026-03-29 21:38:38,Violence,0.9984,
0:00:10,2026-03-29 21:38:41,Violence,0.9994,
0:00:10,2026-03-29 21:38:45,Violence,0.9981,
0:00:10,2026-03-29 21:38:50,Violence,0.9938,
0:00:11,2026-03-29 21:38:53,Violence,0.9646,
0:00:11,2026-03-29 21:38:56,Violence,0.9608,
0:00:11,2026-03-29 21:39:01,Violence,0.9825,
0:00:11,2026-03-29 21:39:04,Violence,0.9773,
0:00:11,2026-03-29 21:39:07,Violence,0.9821,
0:00:11,2026-03-29 21:39:10,Violence,0.9596,
0:00:11,2026-03-29 21:39:13,Violence,0.9513,
0:00:12,2026-03-29 21:39:17,Violence,0.9763,
0:00:12,2026-03-29 21:39:20,Violence,0.9514,
0:00:12,2026-03-29 21:39:23,Violence,0.9366,
0:00:01,2026-03-29 21:41:28,Violence,0.9189,
0:00:02,2026-03-29 21:41:32,Violence,0.9217,
0:00:02,2026-03-29 21:41:35,Violence,0.9373,
0:00:02,2026-03-29 21:41:38,Violence,0.9331,
0:00:02,2026-03-29 21:41:43,Violence,0.9672,
0:00:02,2026-03-29 21:41:46,Violence,0.9642,
0:00:02,2026-03-29 21:41:50,Violence,0.9779,
0:00:02,2026-03-29 21:41:53,Violence,0.9654,
0:00:01,2026-03-29 21:42:57,Violence,0.9189,
0:00:02,2026-03-29 21:43:00,Violence,0.9217,
0:00:02,2026-03-29 21:43:04,Violence,0.9373,
0:00:02,2026-03-29 21:43:07,Violence,0.9331,
0:00:02,2026-03-29 21:43:12,Violence,0.9672,
0:00:02,2026-03-29 21:43:15,Violence,0.9642,
0:00:02,2026-03-29 21:43:18,Violence,0.9779,
0:00:02,2026-03-29 21:43:22,Violence,0.9654,
0:00:02,2026-03-29 21:55:18,Violence,0.9183,
0:00:02,2026-03-29 21:55:21,Violence,0.926,
0:00:02,2026-03-29 21:55:25,Violence,0.9487,
0:00:03,2026-03-29 21:55:29,Violence,0.9502,
0:00:03,2026-03-29 21:55:32,Violence,0.962,
0:00:03,2026-03-29 21:55:35,Violence,0.9757,
0:00:03,2026-03-29 21:55:39,Violence,0.9536,
0:00:01,2026-03-29 21:56:27,Violence,0.9064,
0:00:01,2026-03-29 21:56:32,Violence,0.9202,
0:00:01,2026-03-29 21:56:41,Violence,0.9148,
0:00:01,2026-03-29 21:56:45,Violence,0.9471,
0:00:01,2026-03-29 21:56:48,Violence,0.9458,
0:00:01,2026-03-29 21:56:51,Violence,0.9305,
0:00:02,2026-03-29 21:56:55,Violence,0.9456,
0:00:02,2026-03-29 21:56:58,Violence,0.9543,
0:00:02,2026-03-29 21:57:01,Violence,0.95,
0:00:02,2026-03-29 21:57:05,Violence,0.9492,
0:00:02,2026-03-29 21:57:08,Violence,0.9381,
0:00:02,2026-03-29 21:57:11,Violence,0.9259,
0:00:02,2026-03-29 21:57:15,Violence,0.923,
0:00:05,2026-03-29 21:59:31,Gun,0.5192,"(23, 0, 620, 471)"
0:00:06,2026-03-29 21:59:44,Gun,0.5852,"(30, 0, 634, 473)"
0:00:06,2026-03-29 21:59:47,Gun,0.5067,"(82, 3, 638, 480)"
0:00:06,2026-03-29 21:59:52,Gun,0.4092,"(10, 0, 638, 478)"
0:00:08,2026-03-29 22:00:08,Fire,0.6681,"(333, 170, 421, 344)"
0:00:08,2026-03-29 22:00:12,Fire,0.5617,"(265, 170, 402, 335)"
0:00:08,2026-03-29 22:00:16,Fire,0.8876,"(268, 59, 414, 281)"
0:00:09,2026-03-29 22:00:21,Fire,0.7876,"(219, 51, 385, 253)"
0:00:09,2026-03-29 22:00:25,Gun,0.4977,"(18, 14, 626, 480)"
0:00:09,2026-03-29 22:00:28,Fire,0.6707,"(328, 134, 455, 338)"
0:00:11,2026-03-29 22:01:11,Fire,0.6412,"(338, 328, 457, 480)"
0:00:11,2026-03-29 22:01:15,Gun,0.5117,"(235, 211, 449, 479)"
0:00:13,2026-03-29 22:01:44,Fire,0.6202,"(463, 373, 539, 458)"
0:00:15,2026-03-29 22:02:15,Gun,0.4361,"(423, 269, 597, 376)"
0:00:15,2026-03-29 22:02:19,Gun,0.4045,"(407, 267, 548, 371)"
0:00:16,2026-03-29 22:02:27,Gun,0.4182,"(415, 278, 587, 387)"
0:00:18,2026-03-29 22:02:53,Fire,0.5961,"(209, 281, 296, 448)"
0:00:18,2026-03-29 22:02:57,Fire,0.8763,"(234, 149, 324, 384)"
0:00:18,2026-03-29 22:03:00,Fire,0.9139,"(262, 119, 366, 376)"
0:00:19,2026-03-29 22:03:08,Fire,0.4094,"(275, 141, 351, 414)"
0:00:20,2026-03-29 22:03:25,Gun,0.4499,"(41, 58, 380, 268)"
0:00:20,2026-03-29 22:03:30,Gun,0.4025,"(55, 45, 618, 216)"
0:00:20,2026-03-29 22:03:34,Gun,0.4491,"(55, 46, 620, 234)"
0:00:21,2026-03-29 22:03:38,Gun,0.4005,"(56, 49, 621, 224)"
0:00:21,2026-03-29 22:03:41,Gun,0.597,"(52, 40, 617, 220)"
0:00:21,2026-03-29 22:03:44,Gun,0.713,"(43, 34, 613, 216)"
0:00:21,2026-03-29 22:03:48,Gun,0.6243,"(31, 38, 616, 249)"
0:00:21,2026-03-29 22:03:52,Gun,0.6406,"(41, 21, 625, 283)"
0:00:22,2026-03-29 22:03:55,Gun,0.4621,"(46, 34, 631, 233)"
0:00:22,2026-03-29 22:04:02,Gun,0.5255,"(393, 124, 604, 343)"
0:00:02,2026-03-30 18:25:18,Violence,0.9672,
0:00:02,2026-03-30 18:25:22,Violence,0.9766,
0:00:03,2026-03-30 18:25:25,Violence,0.9617,
0:00:03,2026-03-30 18:25:29,Violence,0.9783,
0:00:03,2026-03-30 18:25:32,Violence,0.9836,
0:00:03,2026-03-30 18:25:35,Violence,0.9861,
0:00:04,2026-03-30 18:25:39,Violence,0.9908,
0:00:04,2026-03-30 18:25:42,Violence,0.9937,
0:00:04,2026-03-30 18:25:45,Violence,0.9957,
0:00:05,2026-03-30 18:25:48,Violence,0.9858,
0:00:05,2026-03-30 18:25:52,Violence,0.9626,
0:00:06,2026-03-30 18:25:59,Violence,0.957,
0:00:06,2026-03-30 18:26:03,Violence,0.9691,
0:00:06,2026-03-30 18:26:03,Gun,0.5341,"(323, 95, 531, 240)"
0:00:06,2026-03-30 18:26:06,Violence,0.9761,
0:00:06,2026-03-30 18:26:10,Violence,0.9752,
0:00:07,2026-03-30 18:26:14,Violence,0.9703,
0:00:09,2026-03-30 18:26:55,Fire,0.4808,"(287, 269, 303, 289)"
0:00:11,2026-03-30 18:27:11,Violence,0.9598,
0:00:11,2026-03-30 18:27:15,Violence,0.9811,
0:00:12,2026-03-30 18:27:18,Violence,0.995,
0:00:12,2026-03-30 18:27:21,Violence,0.9948,
0:00:12,2026-03-30 18:27:24,Violence,0.9936,
0:00:13,2026-03-30 18:27:28,Violence,0.9693,
0:00:13,2026-03-30 18:27:31,Violence,0.9759,
0:00:13,2026-03-30 18:27:34,Violence,0.9975,
0:00:14,2026-03-30 18:27:37,Violence,0.997,
0:00:14,2026-03-30 18:27:41,Violence,0.9979,
0:00:14,2026-03-30 18:27:44,Violence,0.9968,
0:00:15,2026-03-30 18:27:47,Violence,0.9926,
0:00:15,2026-03-30 18:27:51,Violence,0.9598,
0:00:15,2026-03-30 18:27:55,Violence,0.9669,
0:00:16,2026-03-30 18:28:01,Violence,0.9573,
0:00:16,2026-03-30 18:28:05,Violence,0.9792,
0:00:01,2026-03-30 18:35:30,Violence,0.9064,
0:00:01,2026-03-30 18:35:33,Violence,0.9202,
0:00:01,2026-03-30 18:35:36,Violence,0.9148,
0:00:01,2026-03-30 18:35:38,Violence,0.9458,
0:00:02,2026-03-30 18:35:41,Violence,0.9456,
0:00:02,2026-03-30 18:35:44,Violence,0.953,
0:00:02,2026-03-30 18:35:46,Violence,0.9492,
0:00:02,2026-03-30 18:35:49,Violence,0.9259,
0:00:03,2026-03-30 18:35:51,Violence,0.9491,
0:00:03,2026-03-30 18:35:54,Violence,0.9569,
0:00:03,2026-03-30 18:35:56,Violence,0.9708,
0:00:03,2026-03-30 18:35:59,Violence,0.9742,
0:00:06,2026-03-30 18:36:20,Gun,0.6373,"(33, 0, 632, 474)"
0:00:06,2026-03-30 18:36:22,Violence,0.9138,
0:00:06,2026-03-30 18:36:25,Violence,0.9544,
0:00:07,2026-03-30 18:36:27,Violence,0.9953,
0:00:07,2026-03-30 18:36:29,Violence,0.9914,
0:00:07,2026-03-30 18:36:31,Violence,0.9778,
0:00:07,2026-03-30 18:36:34,Violence,0.9779,
0:00:08,2026-03-30 18:36:36,Violence,0.9856,
0:00:08,2026-03-30 18:36:36,Fire,0.6681,"(333, 170, 421, 344)"
0:00:08,2026-03-30 18:36:38,Violence,0.9896,
0:00:08,2026-03-30 18:36:39,Fire,0.6274,"(227, 146, 392, 292)"
0:00:08,2026-03-30 18:36:41,Violence,0.9782,
0:00:08,2026-03-30 18:36:44,Violence,0.9961,
0:00:09,2026-03-30 18:36:45,Fire,0.7876,"(219, 51, 385, 253)"
0:00:09,2026-03-30 18:36:46,Violence,0.9906,
0:00:09,2026-03-30 18:36:49,Violence,0.9951,
0:00:09,2026-03-30 18:36:50,Fire,0.6707,"(328, 134, 455, 338)"
0:00:09,2026-03-30 18:36:51,Violence,0.989,
0:00:09,2026-03-30 18:36:54,Violence,0.9943,
0:00:10,2026-03-30 18:36:56,Violence,0.9974,
0:00:10,2026-03-30 18:36:59,Violence,0.998,
0:00:10,2026-03-30 18:37:01,Violence,0.9994,
0:00:10,2026-03-30 18:37:04,Violence,0.9991,
0:00:11,2026-03-30 18:37:06,Violence,0.9646,
0:00:11,2026-03-30 18:37:09,Violence,0.9754,
0:00:11,2026-03-30 18:37:09,Fire,0.6412,"(338, 328, 457, 480)"
0:00:11,2026-03-30 18:37:11,Violence,0.959,
0:00:11,2026-03-30 18:37:14,Violence,0.9342,
0:00:12,2026-03-30 18:37:16,Violence,0.9641,
0:00:12,2026-03-30 18:37:19,Violence,0.9347,
0:00:12,2026-03-30 18:37:21,Violence,0.9721,
0:00:13,2026-03-30 18:37:26,Fire,0.6202,"(463, 373, 539, 458)"
0:00:13,2026-03-30 18:37:26,Violence,0.9021,
0:00:13,2026-03-30 18:37:29,Violence,0.9578,
0:00:13,2026-03-30 18:37:31,Violence,0.9414,
0:00:14,2026-03-30 18:37:34,Violence,0.9141,
0:00:01,2026-03-30 18:43:23,Violence,0.9043,
0:00:01,2026-03-30 18:43:26,Violence,0.9207,
0:00:01,2026-03-30 18:43:29,Violence,0.9174,
0:00:01,2026-03-30 18:43:31,Violence,0.9432,
0:00:02,2026-03-30 18:43:33,Violence,0.9336,
0:00:02,2026-03-30 18:43:36,Violence,0.9514,
0:00:02,2026-03-30 18:43:38,Violence,0.9429,
0:00:02,2026-03-30 18:43:40,Violence,0.9201,
0:00:02,2026-03-30 18:43:42,Violence,0.9356,
0:00:03,2026-03-30 18:43:45,Violence,0.9561,
0:00:03,2026-03-30 18:43:47,Violence,0.9654,
0:00:03,2026-03-30 18:43:49,Violence,0.9774,
0:00:04,2026-03-30 18:43:52,Violence,0.9437,
0:00:06,2026-03-30 18:44:14,Violence,0.9157,
0:00:06,2026-03-30 18:44:16,Violence,0.9772,
0:00:07,2026-03-30 18:44:19,Violence,0.9961,
0:00:07,2026-03-30 18:44:21,Violence,0.9903,
0:00:07,2026-03-30 18:44:23,Violence,0.9759,
0:00:07,2026-03-30 18:44:26,Violence,0.9775,
0:00:08,2026-03-30 18:44:28,Violence,0.9855,
0:00:08,2026-03-30 18:44:31,Violence,0.99,
0:00:08,2026-03-30 18:44:33,Violence,0.9728,
0:00:08,2026-03-30 18:44:33,Fire,0.7851,"(262, 47, 415, 208)"
0:00:08,2026-03-30 18:44:35,Violence,0.9863,
0:00:09,2026-03-30 18:44:37,Violence,0.9781,
0:00:09,2026-03-30 18:44:39,Violence,0.9951,
0:00:09,2026-03-30 18:44:42,Violence,0.9937,
0:00:09,2026-03-30 18:44:44,Violence,0.9942,
0:00:10,2026-03-30 18:44:46,Violence,0.9972,
0:00:10,2026-03-30 18:44:49,Violence,0.998,
0:00:10,2026-03-30 18:44:51,Violence,0.9994,
0:00:10,2026-03-30 18:44:54,Violence,0.9981,
0:00:11,2026-03-30 18:44:56,Violence,0.9784,
0:00:11,2026-03-30 18:44:58,Violence,0.9639,
0:00:11,2026-03-30 18:45:01,Violence,0.9845,
0:00:11,2026-03-30 18:45:03,Violence,0.9813,
0:00:11,2026-03-30 18:45:04,Gun,0.6173,"(227, 162, 441, 360)"
0:00:11,2026-03-30 18:45:05,Violence,0.9462,
0:00:12,2026-03-30 18:45:08,Violence,0.9469,
0:00:12,2026-03-30 18:45:10,Violence,0.9342,
0:00:12,2026-03-30 18:45:12,Violence,0.91,
0:00:13,2026-03-30 18:45:17,Violence,0.902,
0:00:13,2026-03-30 18:45:19,Violence,0.9408,
0:00:14,2026-03-30 18:45:22,Violence,0.9363,
0:00:17,2026-03-30 18:45:55,Violence,0.9034,
0:00:18,2026-03-30 18:45:56,Fire,0.762,"(191, 174, 285, 334)"
0:00:18,2026-03-30 18:45:58,Fire,0.6224,"(257, 94, 324, 285)"
0:00:18,2026-03-30 18:46:02,Fire,0.7176,"(281, 83, 345, 276)"
0:00:19,2026-03-30 18:46:04,Fire,0.7929,"(287, 100, 344, 306)"
0:00:19,2026-03-30 18:46:07,Violence,0.913,
0:00:19,2026-03-30 18:46:09,Violence,0.9345,
0:00:19,2026-03-30 18:46:12,Violence,0.9788,
0:00:20,2026-03-30 18:46:14,Violence,0.9749,
0:00:20,2026-03-30 18:46:16,Gun,0.6104,"(47, 43, 374, 175)"
0:00:20,2026-03-30 18:46:17,Violence,0.9525,
0:00:20,2026-03-30 18:46:19,Violence,0.965,
0:00:20,2026-03-30 18:46:22,Violence,0.967,
0:00:21,2026-03-30 18:46:28,Gun,0.4724,"(50, 41, 599, 175)"
0:00:00,2026-03-30 18:46:29,Fire,0.8412,"(58, 1, 228, 116)"
0:00:00,2026-03-30 18:46:31,Fire,0.8695,"(95, 22, 235, 140)"
0:00:21,2026-03-30 18:46:31,Gun,0.4593,"(47, 41, 599, 164)"
0:00:00,2026-03-30 18:46:33,Fire,0.9034,"(112, 33, 240, 147)"
0:00:21,2026-03-30 18:46:34,Gun,0.6964,"(48, 41, 600, 226)"
0:00:00,2026-03-30 18:46:36,Fire,0.8362,"(135, 33, 249, 146)"
0:00:21,2026-03-30 18:46:37,Gun,0.4747,"(43, 38, 613, 234)"
0:00:00,2026-03-30 18:46:38,Fire,0.8655,"(111, 29, 240, 145)"
0:00:00,2026-03-30 18:46:41,Fire,0.8538,"(100, 28, 245, 140)"
0:00:00,2026-03-30 18:46:43,Fire,0.8368,"(88, 9, 236, 129)"
0:00:22,2026-03-30 18:46:45,Gun,0.4997,"(58, 40, 327, 175)"
0:00:00,2026-03-30 18:46:45,Fire,0.8536,"(63, 0, 215, 116)"
0:00:01,2026-03-30 18:46:48,Fire,0.8577,"(51, 0, 201, 113)"
0:00:01,2026-03-30 18:46:50,Fire,0.8522,"(39, 0, 197, 120)"
0:00:01,2026-03-30 18:46:52,Fire,0.8634,"(69, 14, 228, 131)"
0:00:01,2026-03-30 18:46:55,Fire,0.8663,"(121, 31, 258, 145)"
0:00:01,2026-03-30 18:46:57,Fire,0.8348,"(132, 25, 271, 147)"
0:00:01,2026-03-30 18:47:00,Fire,0.852,"(102, 24, 260, 144)"
0:00:01,2026-03-30 18:47:02,Fire,0.8451,"(86, 9, 212, 136)"
0:00:02,2026-03-30 18:47:05,Fire,0.8559,"(1, 8, 137, 139)"
0:00:23,2026-03-30 18:47:08,Gun,0.455,"(52, 5, 507, 170)"
0:00:02,2026-03-30 18:47:12,Fire,0.6269,"(10, 48, 121, 171)"
0:00:24,2026-03-30 18:47:17,Gun,0.5159,"(46, 1, 627, 180)"
0:00:24,2026-03-30 18:47:21,Gun,0.5552,"(48, 1, 628, 174)"
0:00:24,2026-03-30 18:47:26,Gun,0.5671,"(52, 0, 601, 175)"
0:00:24,2026-03-30 18:47:29,Gun,0.5249,"(38, 6, 618, 168)"
0:00:24,2026-03-30 18:47:31,Gun,0.4746,"(32, 3, 630, 174)"
0:00:25,2026-03-30 18:47:34,Gun,0.5345,"(43, 0, 630, 173)"
0:00:25,2026-03-30 18:47:37,Gun,0.6763,"(33, 0, 628, 172)"
0:00:01,2026-04-01 12:39:08,Violence,0.9043,
0:00:01,2026-04-01 12:39:12,Violence,0.9174,
0:00:01,2026-04-01 12:39:15,Violence,0.935,
0:00:02,2026-04-01 12:39:17,Violence,0.9519,
0:00:02,2026-04-01 12:39:19,Violence,0.9429,
0:00:02,2026-04-01 12:39:21,Violence,0.9191,
0:00:03,2026-04-01 12:39:24,Violence,0.9561,
0:00:03,2026-04-01 12:39:26,Violence,0.9654,
0:00:03,2026-04-01 12:39:28,Violence,0.9724,
0:00:06,2026-04-01 12:39:46,Violence,0.9157,
0:00:06,2026-04-01 12:39:48,Violence,0.9772,
0:00:07,2026-04-01 12:39:50,Violence,0.9949,
0:00:07,2026-04-01 12:39:53,Violence,0.9885,
0:00:07,2026-04-01 12:39:54,Gun,0.5882,"(39, 1, 634, 360)"
0:00:07,2026-04-01 12:39:55,Violence,0.9775,
0:00:08,2026-04-01 12:39:57,Violence,0.9855,
0:00:08,2026-04-01 12:39:59,Violence,0.99,
0:00:08,2026-04-01 12:40:01,Fire,0.7851,"(262, 47, 415, 208)"
0:00:08,2026-04-01 12:40:01,Violence,0.9788,
0:00:09,2026-04-01 12:40:04,Violence,0.9781,
0:00:09,2026-04-01 12:40:06,Violence,0.9986,
0:00:09,2026-04-01 12:40:08,Violence,0.9916,
0:00:10,2026-04-01 12:40:10,Violence,0.9972,
0:00:10,2026-04-01 12:40:13,Violence,0.9988,
0:00:10,2026-04-01 12:40:15,Violence,0.999,
0:00:11,2026-04-01 12:40:18,Violence,0.9784,
0:00:11,2026-04-01 12:40:20,Violence,0.9769,
0:00:11,2026-04-01 12:40:22,Violence,0.96,
0:00:11,2026-04-01 12:40:23,Gun,0.5846,"(233, 152, 451, 360)"
0:00:11,2026-04-01 12:40:25,Violence,0.9312,
0:00:12,2026-04-01 12:40:27,Violence,0.9469,
0:00:12,2026-04-01 12:40:29,Violence,0.9368,
0:00:13,2026-04-01 12:40:35,Violence,0.902,
0:00:13,2026-04-01 12:40:37,Violence,0.9408,
0:00:14,2026-04-01 12:40:39,Violence,0.9363,
0:00:17,2026-04-01 12:41:09,Violence,0.9034,
0:00:18,2026-04-01 12:41:10,Fire,0.762,"(191, 174, 285, 334)"
0:00:01,2026-04-01 12:41:39,Violence,0.9043,
0:00:01,2026-04-01 12:41:41,Violence,0.9207,
0:00:01,2026-04-01 12:41:46,Violence,0.9174,
0:00:01,2026-04-01 12:41:50,Violence,0.9374,
0:00:01,2026-04-01 12:41:52,Violence,0.935,
0:00:02,2026-04-01 12:41:55,Violence,0.9336,
0:00:02,2026-04-01 12:41:57,Violence,0.9514,
0:00:02,2026-04-01 12:42:00,Violence,0.947,
0:00:02,2026-04-01 12:42:03,Violence,0.9318,
0:00:02,2026-04-01 12:42:06,Violence,0.9191,
0:00:03,2026-04-01 12:42:09,Violence,0.9524,
0:00:03,2026-04-01 12:42:11,Violence,0.9561,
0:00:03,2026-04-01 12:42:14,Violence,0.966,
0:00:03,2026-04-01 12:42:16,Violence,0.9793,
0:00:03,2026-04-01 12:42:18,Violence,0.9581,
0:00:06,2026-04-01 12:42:51,Violence,0.9157,
0:00:06,2026-04-01 12:42:54,Violence,0.9397,
0:00:06,2026-04-01 12:42:57,Violence,0.9918,
0:00:07,2026-04-01 12:43:00,Violence,0.9959,
0:00:07,2026-04-01 12:43:02,Violence,0.992,
0:00:07,2026-04-01 12:43:04,Violence,0.9781,
0:00:07,2026-04-01 12:43:05,Gun,0.5882,"(39, 1, 634, 360)"
0:00:07,2026-04-01 12:43:07,Violence,0.9827,
0:00:07,2026-04-01 12:43:10,Violence,0.9934,
0:00:08,2026-04-01 12:43:13,Violence,0.9887,
0:00:08,2026-04-01 12:43:16,Violence,0.99,
0:00:08,2026-04-01 12:43:19,Violence,0.9838,
0:00:08,2026-04-01 12:43:20,Fire,0.7851,"(262, 47, 415, 208)"
0:00:08,2026-04-01 12:43:21,Violence,0.9863,
0:00:09,2026-04-01 12:43:24,Violence,0.9781,
0:00:09,2026-04-01 12:43:27,Violence,0.9926,
0:00:09,2026-04-01 12:43:30,Violence,0.9953,
0:00:09,2026-04-01 12:43:33,Violence,0.9937,
0:00:09,2026-04-01 12:43:35,Violence,0.9889,
0:00:09,2026-04-01 12:43:38,Violence,0.9925,
0:00:10,2026-04-01 12:43:41,Violence,0.9956,
0:00:10,2026-04-01 12:43:43,Violence,0.9984,
0:00:10,2026-04-01 12:43:46,Violence,0.9992,
0:00:10,2026-04-01 12:43:48,Violence,0.9991,
0:00:11,2026-04-01 12:43:51,Violence,0.9784,
0:00:11,2026-04-01 12:43:54,Violence,0.9639,
0:00:11,2026-04-01 12:43:56,Violence,0.9833,
0:00:11,2026-04-01 12:43:59,Violence,0.9775,
0:00:11,2026-04-01 12:44:00,Gun,0.5846,"(233, 152, 451, 360)"
0:00:11,2026-04-01 12:44:01,Violence,0.9735,
0:00:11,2026-04-01 12:44:03,Violence,0.9462,
0:00:12,2026-04-01 12:44:06,Violence,0.9628,
0:00:12,2026-04-01 12:44:08,Violence,0.9245,
0:00:12,2026-04-01 12:44:11,Violence,0.9342,
0:00:12,2026-04-01 12:44:14,Violence,0.9629,
0:00:13,2026-04-01 12:44:23,Violence,0.902,
0:00:13,2026-04-01 12:44:25,Violence,0.9462,
0:00:13,2026-04-01 12:44:27,Violence,0.9422,
0:00:13,2026-04-01 12:44:30,Violence,0.9409,
0:00:13,2026-04-01 12:44:32,Violence,0.9206,
0:00:14,2026-04-01 12:44:36,Violence,0.9363,
0:00:05,2026-04-01 12:57:06,Gun,0.4707,"(20, 0, 315, 240)"
0:00:06,2026-04-01 12:57:16,Gun,0.7588,"(48, 1, 316, 240)"
0:00:08,2026-04-01 12:57:26,Fire,0.8106,"(142, 81, 205, 168)"
0:00:08,2026-04-01 12:57:29,Fire,0.793,"(148, 74, 203, 138)"
0:00:09,2026-04-01 12:57:34,Fire,0.5356,"(163, 67, 229, 169)"
0:00:05,2026-04-01 13:04:49,Gun,0.4707,"(20, 0, 315, 240)"
0:00:06,2026-04-01 13:04:57,Gun,0.7588,"(48, 1, 316, 240)"
0:00:06,2026-04-01 13:04:59,Gun,0.5295,"(47, 0, 317, 240)"
0:00:06,2026-04-01 13:05:02,Violence,0.846,
0:00:07,2026-04-01 13:05:11,Violence,0.7842,
0:00:08,2026-04-01 13:05:13,Fire,0.8106,"(142, 81, 205, 168)"
0:00:08,2026-04-01 13:05:15,Violence,0.7398,
0:00:08,2026-04-01 13:05:15,Fire,0.5312,"(131, 85, 201, 167)"
0:00:08,2026-04-01 13:05:17,Fire,0.793,"(148, 74, 203, 138)"
0:00:09,2026-04-01 13:05:24,Violence,0.6746,
0:00:09,2026-04-01 13:05:26,Violence,0.8741,
0:00:09,2026-04-01 13:05:26,Fire,0.5356,"(163, 67, 229, 169)"
0:00:09,2026-04-01 13:05:29,Violence,0.7579,
0:00:10,2026-04-01 13:05:31,Violence,0.856,
0:00:10,2026-04-01 13:05:37,Violence,0.6198,
0:00:11,2026-04-01 13:05:47,Violence,0.675,
0:00:18,2026-04-01 13:06:47,Fire,0.8759,"(95, 115, 143, 221)"
0:00:18,2026-04-01 13:06:50,Fire,0.7914,"(122, 67, 165, 192)"
0:00:18,2026-04-01 13:06:55,Fire,0.7709,"(137, 58, 180, 196)"
0:00:19,2026-04-01 13:06:57,Fire,0.782,"(139, 85, 179, 209)"
0:00:21,2026-04-01 13:07:16,Gun,0.5345,"(18, 7, 309, 117)"
0:00:06,2026-04-01 13:08:53,Gun,0.7588,"(48, 1, 316, 240)"
0:00:07,2026-04-01 13:08:59,Violence,0.9129,
0:00:08,2026-04-01 13:09:11,Fire,0.8106,"(142, 81, 205, 168)"
0:00:08,2026-04-01 13:09:15,Fire,0.793,"(148, 74, 203, 138)"
0:00:18,2026-04-01 13:10:40,Fire,0.8759,"(95, 115, 143, 221)"
0:00:18,2026-04-01 13:10:43,Fire,0.7914,"(122, 67, 165, 192)"
0:00:18,2026-04-01 13:10:45,Fire,0.9078,"(130, 59, 184, 188)"
0:00:18,2026-04-01 13:10:48,Fire,0.7709,"(137, 58, 180, 196)"
0:00:19,2026-04-01 13:10:50,Fire,0.782,"(139, 85, 179, 209)"
0:00:06,2026-04-01 14:37:39,Gun,0.7588,"(48, 1, 316, 240)"
0:00:08,2026-04-01 14:37:49,Fire,0.8106,"(142, 81, 205, 168)"
0:00:08,2026-04-01 14:37:51,Fire,0.793,"(148, 74, 203, 138)"
0:00:18,2026-04-01 14:38:47,Fire,0.8759,"(95, 115, 143, 221)"
0:00:18,2026-04-01 14:38:50,Fire,0.9078,"(130, 59, 184, 188)"
0:00:18,2026-04-01 14:38:52,Fire,0.7709,"(137, 58, 180, 196)"
0:00:00,2026-04-01 14:39:23,Fire,0.8364,"(47, 16, 120, 88)"
0:00:00,2026-04-01 14:39:25,Fire,0.8142,"(58, 19, 122, 96)"
0:00:00,2026-04-01 14:39:28,Fire,0.8354,"(30, 1, 110, 76)"
0:00:01,2026-04-01 14:39:30,Fire,0.8757,"(34, 11, 117, 86)"
0:00:01,2026-04-01 14:39:33,Fire,0.8675,"(46, 14, 132, 95)"
0:00:02,2026-04-01 14:39:35,Fire,0.6054,"(0, 44, 50, 86)"
0:00:04,2026-04-01 14:39:48,Fire,0.7435,"(1, 64, 88, 136)"
0:00:04,2026-04-01 14:39:51,Fire,0.6599,"(158, 79, 208, 125)"
0:00:05,2026-04-01 14:39:58,Fire,0.8863,"(9, 55, 69, 120)"
0:00:06,2026-04-01 14:40:00,Fire,0.8626,"(38, 37, 108, 112)"
0:00:06,2026-04-01 14:40:04,Fire,0.855,"(15, 7, 104, 101)"
0:00:07,2026-04-01 14:40:07,Fire,0.7015,"(162, 55, 285, 93)"
0:00:07,2026-04-01 14:40:10,Fire,0.803,"(1, 21, 82, 101)"
0:00:08,2026-04-01 14:40:13,Fire,0.742,"(24, 46, 97, 109)"
0:00:08,2026-04-01 14:40:16,Fire,0.8594,"(3, 43, 78, 116)"
0:00:09,2026-04-01 14:40:20,Fire,0.8603,"(6, 66, 63, 115)"
0:00:00,2026-04-01 14:41:47,Gun,0.6065,"(20, 0, 264, 239)"
0:00:05,2026-04-01 14:42:14,Gun,0.8141,"(58, 9, 319, 235)"
0:00:00,2026-04-01 14:53:30,Violence,0.8995,
0:00:00,2026-04-01 14:53:32,Violence,0.8246,
0:00:00,2026-04-01 14:53:35,Violence,0.8871,
0:00:00,2026-04-01 14:53:37,Violence,0.9269,
0:00:03,2026-04-01 14:53:55,Violence,0.814,
0:00:06,2026-04-01 14:54:24,Violence,0.8154,
0:00:06,2026-04-01 14:54:27,Violence,0.8627,
0:00:07,2026-04-01 14:54:34,Violence,0.8009,
0:00:08,2026-04-01 14:54:40,Violence,0.8056,
0:00:08,2026-04-01 14:54:42,Violence,0.9831,
0:00:08,2026-04-01 14:54:44,Violence,0.973,
0:00:09,2026-04-01 14:54:46,Violence,0.8486,
0:00:14,2026-04-01 14:55:35,Violence,0.8022,
0:00:16,2026-04-01 14:55:50,Violence,0.8349,
0:00:16,2026-04-01 14:55:52,Violence,0.8495,
0:00:17,2026-04-01 14:55:54,Violence,0.8641,
0:00:17,2026-04-01 14:55:59,Violence,0.8685,
0:00:17,2026-04-01 14:56:01,Violence,0.8326,
0:00:00,2026-04-01 15:02:28,Violence,0.9222,
0:00:00,2026-04-01 15:02:30,Violence,0.9916,
0:00:00,2026-04-01 15:02:32,Violence,0.991,
0:00:00,2026-04-01 15:02:35,Violence,0.9913,
0:00:00,2026-04-01 15:02:38,Violence,0.9815,
0:00:00,2026-04-01 15:02:41,Violence,0.8506,
0:00:00,2026-04-01 15:02:41,Gun,0.4713,"(2, 20, 306, 159)"
0:00:01,2026-04-01 15:02:46,Violence,0.8277,
0:00:01,2026-04-01 15:02:48,Gun,0.4546,"(0, 16, 271, 180)"
0:00:01,2026-04-01 15:02:53,Violence,0.7145,
0:00:03,2026-04-01 15:03:17,Knife,0.4651,"(189, 23, 271, 206)"
0:00:08,2026-04-01 15:04:19,Gun,0.5137,"(150, 14, 255, 161)"
0:00:11,2026-04-01 15:04:58,Gun,0.5996,"(104, 42, 224, 200)"
0:00:11,2026-04-01 15:05:00,Gun,0.4616,"(101, 42, 225, 200)"
0:00:12,2026-04-01 15:05:13,Gun,0.5428,"(93, 44, 220, 198)"
0:00:12,2026-04-01 15:05:15,Gun,0.4789,"(92, 44, 219, 198)"
0:00:13,2026-04-01 15:05:29,Gun,0.5187,"(124, 46, 218, 191)"
0:00:13,2026-04-01 15:05:31,Gun,0.4574,"(125, 45, 224, 189)"
0:00:13,2026-04-01 15:05:34,Gun,0.575,"(1, 45, 257, 196)"
0:00:13,2026-04-01 15:05:36,Gun,0.4505,"(2, 46, 229, 195)"
0:00:14,2026-04-01 15:05:50,Gun,0.5208,"(25, 23, 232, 237)"
0:00:15,2026-04-01 15:05:52,Gun,0.752,"(28, 5, 229, 240)"
0:00:15,2026-04-01 15:05:57,Gun,0.4627,"(25, 56, 268, 214)"
0:00:16,2026-04-01 15:06:05,Gun,0.4814,"(91, 22, 242, 240)"
0:00:16,2026-04-01 15:06:09,Gun,0.456,"(97, 21, 252, 179)"
0:00:16,2026-04-01 15:06:13,Gun,0.4909,"(104, 38, 273, 178)"
0:00:17,2026-04-01 15:06:20,Gun,0.5065,"(78, 63, 317, 239)"
0:00:17,2026-04-01 15:06:23,Gun,0.5149,"(15, 83, 315, 240)"
0:00:17,2026-04-01 15:06:29,Gun,0.47,"(92, 108, 267, 239)"
0:00:05,2026-04-02 20:37:52,Gun,0.4707,"(20, 0, 315, 240)"
0:00:06,2026-04-02 20:37:58,Gun,0.7588,"(48, 1, 316, 240)"
0:00:08,2026-04-02 20:38:11,Fire,0.8106,"(142, 81, 205, 168)"
0:00:08,2026-04-02 20:38:15,Fire,0.793,"(148, 74, 203, 138)"
0:00:09,2026-04-02 20:38:22,Fire,0.5356,"(163, 67, 229, 169)"
0:00:18,2026-04-02 20:39:32,Fire,0.8759,"(95, 115, 143, 221)"
0:00:18,2026-04-02 20:39:35,Fire,0.9078,"(130, 59, 184, 188)"
0:00:18,2026-04-02 20:39:39,Fire,0.7709,"(137, 58, 180, 196)"
0:00:19,2026-04-02 20:39:41,Fire,0.782,"(139, 85, 179, 209)"
0:00:21,2026-04-02 20:39:58,Gun,0.5345,"(18, 7, 309, 117)"
0:00:00,2026-04-02 20:41:23,Fire,0.8364,"(47, 16, 120, 88)"
0:00:00,2026-04-02 20:41:25,Fire,0.8142,"(58, 19, 122, 96)"
0:00:00,2026-04-02 20:41:28,Fire,0.8354,"(30, 1, 110, 76)"
0:00:01,2026-04-02 20:41:30,Fire,0.6877,"(19, 0, 102, 75)"
0:00:01,2026-04-02 20:41:32,Fire,0.8757,"(34, 11, 117, 86)"
0:00:01,2026-04-02 20:41:34,Fire,0.8515,"(59, 17, 139, 95)"
0:00:01,2026-04-02 20:41:36,Fire,0.8675,"(46, 14, 132, 95)"
0:00:01,2026-04-02 20:41:39,Fire,0.8404,"(28, 11, 100, 89)"
0:00:03,2026-04-02 20:41:51,Fire,0.5844,"(0, 7, 55, 85)"
0:00:00,2026-04-02 20:41:56,Fire,0.8364,"(47, 16, 120, 88)"
0:00:00,2026-04-02 20:41:59,Fire,0.8142,"(58, 19, 122, 96)"
0:00:00,2026-04-02 20:42:01,Fire,0.8354,"(30, 1, 110, 76)"
0:00:01,2026-04-02 20:42:04,Fire,0.8757,"(34, 11, 117, 86)"
0:00:01,2026-04-02 20:42:07,Fire,0.8675,"(46, 14, 132, 95)"
0:00:02,2026-04-02 20:42:09,Fire,0.6054,"(0, 44, 50, 86)"
0:00:03,2026-04-02 20:42:17,Fire,0.5844,"(0, 7, 55, 85)"
0:00:04,2026-04-02 20:42:24,Fire,0.7435,"(1, 64, 88, 136)"
0:00:04,2026-04-02 20:42:27,Fire,0.5919,"(116, 79, 173, 126)"
0:00:05,2026-04-02 20:42:31,Fire,0.5004,"(173, 67, 243, 117)"
0:00:05,2026-04-02 20:42:36,Fire,0.8863,"(9, 55, 69, 120)"
0:00:06,2026-04-02 20:42:39,Fire,0.8626,"(38, 37, 108, 112)"
0:00:06,2026-04-02 20:42:42,Fire,0.4781,"(56, 2, 109, 82)"
0:00:07,2026-04-02 20:42:45,Fire,0.8883,"(19, 16, 91, 94)"
0:00:07,2026-04-02 20:42:49,Fire,0.8788,"(6, 22, 82, 98)"
0:00:07,2026-04-02 20:42:52,Fire,0.9025,"(6, 21, 89, 102)"
0:00:00,2026-04-02 20:59:34,Violence,0.924,
0:00:00,2026-04-02 20:59:41,Violence,0.9001,
0:00:08,2026-04-02 21:00:51,Violence,0.9566,
0:00:08,2026-04-02 21:00:53,Violence,0.9859,
0:00:08,2026-04-02 21:00:56,Violence,0.973,
0:00:08,2026-04-02 21:00:58,Violence,0.9231,
0:00:06,2026-04-03 13:18:12,Gun,0.7588,"(48, 1, 316, 240)"
0:00:08,2026-04-03 13:18:38,Fire,0.8106,"(142, 81, 205, 168)"
0:00:08,2026-04-03 13:18:44,Fire,0.793,"(148, 74, 203, 138)"
0:00:18,2026-04-03 13:20:29,Fire,0.8759,"(95, 115, 143, 221)"
0:00:18,2026-04-03 13:20:32,Fire,0.7914,"(122, 67, 165, 192)"
0:00:18,2026-04-03 13:20:34,Fire,0.9078,"(130, 59, 184, 188)"
0:00:18,2026-04-03 13:20:38,Fire,0.7709,"(137, 58, 180, 196)"
0:00:19,2026-04-03 13:20:40,Fire,0.782,"(139, 85, 179, 209)"
0:00:05,2026-04-06 10:07:31,Gun,0.4707,"(20, 0, 315, 240)"
0:00:06,2026-04-06 10:07:39,Gun,0.7588,"(48, 1, 316, 240)"
0:00:06,2026-04-06 10:07:41,Gun,0.5295,"(47, 0, 317, 240)"
0:00:07,2026-04-06 10:07:44,Violence,0.9129,
0:00:08,2026-04-06 10:07:57,Fire,0.8106,"(142, 81, 205, 168)"
0:00:08,2026-04-06 10:07:59,Fire,0.5312,"(131, 85, 201, 167)"
0:00:09,2026-04-06 10:08:09,Fire,0.5356,"(163, 67, 229, 169)"
0:00:18,2026-04-06 10:09:23,Fire,0.8759,"(95, 115, 143, 221)"
0:00:18,2026-04-06 10:09:25,Fire,0.7914,"(122, 67, 165, 192)"
0:00:18,2026-04-06 10:09:30,Fire,0.7709,"(137, 58, 180, 196)"
0:00:19,2026-04-06 10:09:32,Fire,0.782,"(139, 85, 179, 209)"
0:00:21,2026-04-06 10:09:54,Gun,0.5345,"(18, 7, 309, 117)"
0:00:25,2026-04-06 10:10:35,Gun,0.5723,"(13, 0, 313, 128)"
0:00:27,2026-04-06 10:10:50,Gun,0.5035,"(11, 0, 313, 107)"
0:00:28,2026-04-06 10:11:03,Gun,0.4927,"(18, 0, 315, 100)"
0:00:30,2026-04-06 10:11:20,Gun,0.5708,"(16, 1, 316, 123)"
0:00:30,2026-04-06 10:11:28,Gun,0.5867,"(20, 32, 189, 116)"
0:00:36,2026-04-06 10:12:23,Gun,0.4621,"(11, 2, 314, 125)"
0:00:37,2026-04-06 10:12:30,Gun,0.4659,"(18, 9, 312, 125)"
0:00:00,2026-04-06 10:15:07,Fire,0.8364,"(47, 16, 120, 88)"
0:00:00,2026-04-06 10:15:10,Fire,0.8142,"(58, 19, 122, 96)"
0:00:00,2026-04-06 10:15:13,Fire,0.8354,"(30, 1, 110, 76)"
0:00:01,2026-04-06 10:15:15,Fire,0.8757,"(34, 11, 117, 86)"
0:00:01,2026-04-06 10:15:18,Fire,0.8675,"(46, 14, 132, 95)"
0:00:02,2026-04-06 10:15:22,Fire,0.6054,"(0, 44, 50, 86)"
0:00:03,2026-04-06 10:15:29,Fire,0.5844,"(0, 7, 55, 85)"
0:00:04,2026-04-06 10:15:36,Fire,0.7435,"(1, 64, 88, 136)"
0:00:04,2026-04-06 10:15:38,Fire,0.5919,"(116, 79, 173, 126)"
0:00:05,2026-04-06 10:15:42,Fire,0.5004,"(173, 67, 243, 117)"
0:00:05,2026-04-06 10:15:46,Fire,0.8863,"(9, 55, 69, 120)"
0:00:06,2026-04-06 10:15:49,Fire,0.8626,"(38, 37, 108, 112)"
0:00:06,2026-04-06 10:15:52,Fire,0.4781,"(56, 2, 109, 82)"
0:00:07,2026-04-06 10:15:55,Fire,0.8883,"(19, 16, 91, 94)"
0:00:07,2026-04-06 10:15:57,Fire,0.8788,"(6, 22, 82, 98)"
0:00:07,2026-04-06 10:16:00,Fire,0.9025,"(6, 21, 89, 102)"
0:00:08,2026-04-06 10:16:03,Fire,0.8466,"(28, 45, 97, 114)"
0:00:08,2026-04-06 10:16:06,Fire,0.6472,"(149, 72, 260, 113)"
0:00:09,2026-04-06 10:16:09,Fire,0.8603,"(6, 66, 63, 115)"
0:00:09,2026-04-06 10:16:12,Fire,0.4962,"(204, 91, 250, 118)"
0:00:09,2026-04-06 10:16:14,Fire,0.6616,"(0, 60, 65, 131)"
0:00:10,2026-04-06 10:16:17,Fire,0.5546,"(208, 87, 260, 120)"
0:00:10,2026-04-06 10:16:20,Fire,0.4828,"(217, 89, 268, 117)"
0:00:10,2026-04-06 10:16:22,Fire,0.7174,"(9, 41, 83, 120)"
0:00:11,2026-04-06 10:16:26,Fire,0.7699,"(245, 84, 294, 116)"
0:00:11,2026-04-06 10:16:29,Fire,0.6851,"(238, 78, 290, 114)"
0:00:12,2026-04-06 10:16:32,Fire,0.6785,"(238, 82, 286, 109)"
0:00:12,2026-04-06 10:16:35,Fire,0.6774,"(1, 15, 77, 117)"
0:00:12,2026-04-06 10:16:38,Fire,0.8194,"(9, 41, 76, 116)"
0:00:12,2026-04-06 10:16:38,Smoke,0.5483,"(0, 0, 98, 42)"
0:00:13,2026-04-06 10:16:41,Fire,0.492,"(1, 48, 72, 121)"
0:00:13,2026-04-06 10:16:44,Fire,0.6129,"(198, 91, 249, 120)"
0:00:14,2026-04-06 10:16:47,Fire,0.4929,"(36, 91, 58, 130)"
0:00:15,2026-04-06 10:16:54,Fire,0.5883,"(200, 100, 247, 127)"
0:00:15,2026-04-06 10:16:57,Fire,0.5357,"(0, 62, 24, 100)"
0:00:16,2026-04-06 10:17:05,Fire,0.6234,"(1, 66, 27, 103)"
0:00:17,2026-04-06 10:17:14,Fire,0.8433,"(32, 1, 115, 77)"
0:00:18,2026-04-06 10:17:17,Fire,0.8561,"(62, 22, 126, 96)"
0:00:18,2026-04-06 10:17:20,Fire,0.8391,"(45, 12, 121, 87)"
0:00:19,2026-04-06 10:17:22,Fire,0.7662,"(26, 1, 103, 75)"
0:00:19,2026-04-06 10:17:25,Fire,0.8564,"(60, 16, 138, 95)"
0:00:19,2026-04-06 10:17:28,Fire,0.9247,"(12, 2, 92, 88)"
0:00:21,2026-04-06 10:17:37,Fire,0.556,"(0, 17, 41, 86)"
0:00:22,2026-04-06 10:17:47,Fire,0.4512,"(76, 71, 141, 134)"
0:00:22,2026-04-06 10:17:51,Fire,0.5993,"(159, 82, 211, 126)"
0:00:23,2026-04-06 10:17:56,Fire,0.5004,"(0, 1, 54, 123)"
0:00:24,2026-04-06 10:17:59,Fire,0.7627,"(25, 42, 92, 113)"
0:00:24,2026-04-06 10:18:02,Fire,0.8459,"(51, 18, 136, 104)"
0:00:24,2026-04-06 10:18:04,Fire,0.8813,"(55, 3, 121, 85)"
0:00:25,2026-04-06 10:18:07,Fire,0.8529,"(18, 18, 90, 94)"
0:00:25,2026-04-06 10:18:10,Fire,0.8831,"(4, 22, 79, 99)"
0:00:25,2026-04-06 10:18:13,Fire,0.8731,"(19, 28, 90, 106)"
0:00:26,2026-04-06 10:18:15,Fire,0.891,"(23, 42, 97, 117)"
0:00:26,2026-04-06 10:18:19,Fire,0.6527,"(149, 71, 260, 113)"
0:00:27,2026-04-06 10:18:22,Fire,0.8082,"(196, 32, 290, 116)"
0:00:27,2026-04-06 10:18:24,Fire,0.6347,"(205, 89, 249, 117)"
0:00:27,2026-04-06 10:18:27,Fire,0.4702,"(0, 60, 65, 131)"
0:00:28,2026-04-06 10:18:32,Fire,0.6217,"(9, 78, 68, 132)"
0:00:28,2026-04-06 10:18:35,Fire,0.7202,"(15, 52, 87, 129)"
0:00:29,2026-04-06 10:18:38,Fire,0.7469,"(32, 57, 96, 125)"
0:00:29,2026-04-06 10:18:41,Fire,0.7133,"(2, 31, 81, 129)"
0:00:30,2026-04-06 10:18:44,Fire,0.649,"(235, 81, 287, 112)"
0:00:30,2026-04-06 10:18:47,Fire,0.8359,"(4, 39, 81, 120)"
0:00:30,2026-04-06 10:18:51,Fire,0.8139,"(13, 48, 75, 116)"
0:00:30,2026-04-06 10:18:51,Smoke,0.5441,"(0, 0, 99, 43)"
0:00:31,2026-04-06 10:18:54,Fire,0.6775,"(1, 48, 59, 120)"
0:00:31,2026-04-06 10:18:57,Fire,0.6906,"(0, 57, 56, 126)"
0:00:32,2026-04-06 10:18:59,Fire,0.4985,"(34, 90, 58, 131)"
0:00:33,2026-04-06 10:19:09,Fire,0.4991,"(0, 59, 24, 136)"
0:00:34,2026-04-06 10:19:18,Fire,0.4832,"(0, 65, 25, 98)"
0:00:35,2026-04-06 10:19:24,Fire,0.5991,"(0, 52, 24, 115)"
0:00:35,2026-04-06 10:19:27,Fire,0.8511,"(36, 1, 117, 79)"
0:00:36,2026-04-06 10:19:31,Fire,0.8425,"(65, 22, 124, 95)"
0:00:36,2026-04-06 10:19:34,Fire,0.8462,"(43, 6, 117, 87)"
0:00:37,2026-04-06 10:19:37,Fire,0.8233,"(21, 2, 106, 81)"
0:00:37,2026-04-06 10:19:40,Fire,0.8566,"(62, 18, 136, 94)"
0:00:37,2026-04-06 10:19:43,Fire,0.8882,"(1, 4, 77, 94)"
0:00:38,2026-04-06 10:19:50,Fire,0.465,"(0, 20, 36, 86)"
0:00:40,2026-04-06 10:20:02,Fire,0.7839,"(139, 82, 192, 124)"
0:00:41,2026-04-06 10:20:09,Fire,0.7033,"(0, 55, 44, 122)"
0:00:41,2026-04-06 10:20:12,Fire,0.632,"(0, 48, 59, 123)"
0:00:42,2026-04-06 10:20:15,Fire,0.7933,"(35, 40, 101, 114)"
0:00:42,2026-04-06 10:20:18,Fire,0.8888,"(52, 12, 139, 99)"
0:00:42,2026-04-06 10:20:20,Fire,0.8722,"(28, 13, 97, 92)"
0:00:43,2026-04-06 10:20:22,Fire,0.8685,"(10, 17, 82, 91)"
0:00:43,2026-04-06 10:20:25,Fire,0.8643,"(6, 25, 77, 100)"
0:00:43,2026-04-06 10:20:28,Fire,0.8218,"(19, 34, 92, 106)"
0:00:44,2026-04-06 10:20:31,Fire,0.8565,"(14, 39, 92, 116)"
0:00:44,2026-04-06 10:20:34,Fire,0.6892,"(148, 70, 261, 113)"
0:00:45,2026-04-06 10:20:36,Fire,0.8519,"(196, 75, 249, 113)"
0:00:45,2026-04-06 10:20:39,Fire,0.6476,"(205, 93, 250, 118)"
0:00:45,2026-04-06 10:20:42,Fire,0.7099,"(205, 95, 255, 122)"
0:00:46,2026-04-06 10:20:45,Fire,0.5359,"(206, 104, 253, 119)"
0:00:47,2026-04-06 10:20:50,Fire,0.6596,"(250, 90, 299, 115)"
0:00:47,2026-04-06 10:20:53,Fire,0.8579,"(13, 46, 86, 132)"
0:00:48,2026-04-06 10:20:57,Fire,0.7719,"(2, 47, 74, 118)"
0:00:48,2026-04-06 10:21:00,Fire,0.7457,"(2, 39, 79, 119)"
0:00:48,2026-04-06 10:21:03,Fire,0.8703,"(7, 40, 76, 116)"
0:00:49,2026-04-06 10:21:06,Fire,0.6076,"(0, 47, 62, 122)"
0:00:50,2026-04-06 10:21:14,Fire,0.5826,"(0, 71, 21, 104)"
0:00:51,2026-04-06 10:21:22,Fire,0.6966,"(1, 75, 25, 125)"
0:00:51,2026-04-06 10:21:25,Fire,0.4931,"(0, 63, 24, 134)"
0:00:52,2026-04-06 10:21:33,Fire,0.5388,"(42, 98, 70, 134)"
0:00:00,2026-04-09 13:16:53,Fire,0.8364,"(47, 16, 120, 88)"
0:00:00,2026-04-09 13:16:56,Fire,0.8142,"(58, 19, 122, 96)"
0:00:00,2026-04-09 13:16:59,Fire,0.8354,"(30, 1, 110, 76)"
0:00:01,2026-04-09 13:17:01,Fire,0.8757,"(34, 11, 117, 86)"
0:00:01,2026-04-09 13:17:04,Fire,0.8675,"(46, 14, 132, 95)"
0:00:02,2026-04-09 13:17:07,Fire,0.6054,"(0, 44, 50, 86)"
0:00:03,2026-04-09 13:17:14,Fire,0.5844,"(0, 7, 55, 85)"
0:00:04,2026-04-09 13:17:20,Fire,0.7435,"(1, 64, 88, 136)"
0:00:04,2026-04-09 13:17:23,Fire,0.5919,"(116, 79, 173, 126)"
0:00:05,2026-04-09 13:17:26,Fire,0.5004,"(173, 67, 243, 117)"
0:00:05,2026-04-09 13:17:30,Fire,0.8863,"(9, 55, 69, 120)"
0:00:06,2026-04-09 13:17:33,Fire,0.8626,"(38, 37, 108, 112)"
0:00:06,2026-04-09 13:17:36,Fire,0.4781,"(56, 2, 109, 82)"
0:00:07,2026-04-09 13:17:39,Fire,0.8883,"(19, 16, 91, 94)"
0:00:07,2026-04-09 13:17:41,Fire,0.7015,"(162, 55, 285, 93)"
0:00:07,2026-04-09 13:17:44,Fire,0.803,"(1, 21, 82, 101)"
0:00:08,2026-04-09 13:17:47,Fire,0.742,"(24, 46, 97, 109)"
0:00:08,2026-04-09 13:17:50,Fire,0.8594,"(3, 43, 78, 116)"
0:00:09,2026-04-09 13:17:53,Fire,0.8603,"(6, 66, 63, 115)"
0:00:09,2026-04-09 13:17:55,Fire,0.4962,"(204, 91, 250, 118)"
0:00:09,2026-04-09 13:17:58,Fire,0.6616,"(0, 60, 65, 131)"
0:00:10,2026-04-09 13:18:01,Fire,0.5546,"(208, 87, 260, 120)"
0:00:10,2026-04-09 13:18:03,Fire,0.4828,"(217, 89, 268, 117)"
0:00:11,2026-04-09 13:18:06,Fire,0.4605,"(26, 55, 63, 121)"
0:00:11,2026-04-09 13:18:09,Fire,0.7699,"(245, 84, 294, 116)"
0:00:11,2026-04-09 13:18:11,Fire,0.6851,"(238, 78, 290, 114)"
0:00:12,2026-04-09 13:18:14,Fire,0.6785,"(238, 82, 286, 109)"
0:00:12,2026-04-09 13:18:16,Fire,0.6774,"(1, 15, 77, 117)"
0:00:12,2026-04-09 13:18:17,Smoke,0.5483,"(0, 0, 98, 42)"
0:00:13,2026-04-09 13:18:18,Fire,0.7735,"(1, 45, 75, 118)"
0:00:13,2026-04-09 13:18:21,Fire,0.694,"(0, 80, 32, 118)"
0:00:13,2026-04-09 13:18:24,Fire,0.6875,"(33, 89, 56, 128)"
0:00:15,2026-04-09 13:18:32,Fire,0.5883,"(200, 100, 247, 127)"
0:00:15,2026-04-09 13:18:34,Fire,0.5357,"(0, 62, 24, 100)"
0:00:16,2026-04-09 13:18:41,Fire,0.6234,"(1, 66, 27, 103)"
0:00:17,2026-04-09 13:18:50,Fire,0.8433,"(32, 1, 115, 77)"
0:00:05,2026-04-09 13:20:14,Gun,0.4707,"(20, 0, 315, 240)"
0:00:06,2026-04-09 13:20:21,Gun,0.7588,"(48, 1, 316, 240)"
0:00:08,2026-04-09 13:20:44,Fire,0.8106,"(142, 81, 205, 168)"
0:00:08,2026-04-09 13:20:47,Fire,0.793,"(148, 74, 203, 138)"
0:00:09,2026-04-09 13:20:54,Fire,0.5356,"(163, 67, 229, 169)"
0:00:00,2026-04-09 13:24:27,Violence,0.65,
0:00:01,2026-04-09 13:24:48,Violence,0.7139,
0:00:00,2026-04-09 13:25:15,Violence,0.9222,
0:00:00,2026-04-09 13:25:18,Violence,0.9916,
0:00:00,2026-04-09 13:25:20,Violence,0.9926,
0:00:00,2026-04-09 13:25:23,Violence,0.9771,
0:00:00,2026-04-09 13:25:27,Violence,0.8506,
0:00:01,2026-04-09 13:25:34,Violence,0.8277,
0:00:06,2026-04-11 00:48:36,Smoke,0.451,"(147, 56, 214, 128)"
0:00:01,2026-04-11 00:50:03,Fire,0.5524,"(61, 190, 85, 226)"
0:00:02,2026-04-11 00:50:05,Fire,0.6057,"(180, 4, 200, 25)"
0:00:04,2026-04-11 00:50:15,Fire,0.8639,"(82, 4, 247, 136)"
0:00:01,2026-04-11 00:50:39,Fire,0.5524,"(61, 190, 85, 226)"
0:00:02,2026-04-11 00:50:42,Fire,0.6057,"(180, 4, 200, 25)"
0:00:04,2026-04-11 00:50:51,Fire,0.8639,"(82, 4, 247, 136)"
0:00:04,2026-04-11 00:51:13,Fire,0.8639,"(82, 4, 247, 136)"
0:00:00,2026-04-11 00:52:10,Violence,0.8922,
0:00:00,2026-04-11 00:52:12,Violence,0.9854,
0:00:01,2026-04-11 00:52:14,Violence,0.9659,
0:00:01,2026-04-11 00:52:16,Violence,0.984,
0:00:01,2026-04-11 00:52:19,Violence,0.9797,
0:00:02,2026-04-11 00:52:21,Violence,0.9501,
0:00:02,2026-04-11 00:52:23,Violence,0.9638,
0:00:03,2026-04-11 00:52:25,Violence,0.9726,
0:00:03,2026-04-11 00:52:27,Violence,0.8314,
0:00:03,2026-04-11 00:52:29,Violence,0.8935,
0:00:04,2026-04-11 00:52:31,Violence,0.8666,
0:00:04,2026-04-11 00:52:34,Violence,0.8278,
0:00:05,2026-04-11 00:52:36,Violence,0.8228,
0:00:05,2026-04-11 00:52:39,Violence,0.9506,
0:00:06,2026-04-11 00:52:41,Violence,0.8598,
0:00:01,2026-04-11 00:55:52,Violence,0.8591,
0:00:02,2026-04-11 00:55:56,Violence,0.9326,
0:00:02,2026-04-11 00:55:58,Violence,0.9557,
0:00:03,2026-04-11 00:56:00,Violence,0.9768,
0:00:03,2026-04-11 00:56:03,Violence,0.9398,
0:00:04,2026-04-11 00:56:05,Violence,0.8654,
0:00:05,2026-04-11 00:56:08,Violence,0.8375,
0:00:05,2026-04-11 00:56:10,Violence,0.9768,
0:00:06,2026-04-11 00:56:12,Violence,0.9497,
0:00:06,2026-04-11 00:56:15,Violence,0.9677,
0:00:00,2026-04-11 00:56:30,Violence,0.8922,
0:00:00,2026-04-11 00:56:32,Violence,0.9854,
0:00:00,2026-04-11 00:56:34,Violence,0.8593,
0:00:01,2026-04-11 00:56:36,Violence,0.984,
0:00:01,2026-04-11 00:56:38,Violence,0.9797,
0:00:02,2026-04-11 00:56:40,Violence,0.9501,
0:00:02,2026-04-11 00:56:43,Violence,0.9833,
0:00:03,2026-04-11 00:56:45,Violence,0.9535,
0:00:03,2026-04-11 00:56:47,Violence,0.889,
0:00:03,2026-04-11 00:56:49,Violence,0.8789,
0:00:04,2026-04-11 00:56:52,Violence,0.8666,
0:00:04,2026-04-11 00:56:54,Violence,0.8278,
0:00:05,2026-04-11 00:56:56,Violence,0.8228,
0:00:05,2026-04-11 00:56:58,Violence,0.9506,
0:00:06,2026-04-11 00:57:01,Violence,0.8598,
0:00:00,2026-04-11 00:57:09,Violence,0.9222,
0:00:00,2026-04-11 00:57:11,Violence,0.991,
0:00:00,2026-04-11 00:57:13,Violence,0.9815,
0:00:00,2026-04-11 00:57:15,Violence,0.8506,
0:00:01,2026-04-11 00:57:19,Violence,0.8277,
0:00:13,2026-04-11 01:01:40,Violence,0.8046,
0:00:01,2026-04-11 01:05:38,Violence,0.8375,
0:00:01,2026-04-11 01:05:40,Violence,0.8988,
0:00:01,2026-04-11 01:05:43,Violence,0.9764,
0:00:02,2026-04-11 01:05:45,Violence,0.9627,
0:00:02,2026-04-11 01:05:47,Violence,0.8974,
0:00:02,2026-04-11 01:05:53,Violence,0.8044,
0:00:02,2026-04-11 01:05:55,Violence,0.9142,
0:00:03,2026-04-11 01:06:02,Violence,0.8257,
0:00:03,2026-04-11 01:06:10,Violence,0.8909,
0:00:03,2026-04-11 01:06:12,Violence,0.8707,
0:00:04,2026-04-11 01:06:14,Violence,0.826,
0:00:04,2026-04-11 01:06:16,Violence,0.8812,
0:00:04,2026-04-11 01:06:18,Violence,0.8785,
0:00:05,2026-04-11 01:06:27,Violence,0.8205,
0:00:05,2026-04-11 01:06:31,Violence,0.8231,
0:00:06,2026-04-11 01:06:45,Violence,0.8332,
0:00:06,2026-04-11 01:06:50,Violence,0.83,
0:00:06,2026-04-11 01:06:53,Violence,0.895,
0:00:07,2026-04-11 01:06:55,Violence,0.983,
0:00:07,2026-04-11 01:06:58,Violence,0.9101,
0:00:07,2026-04-11 01:07:01,Violence,0.82,
0:00:08,2026-04-11 01:07:09,Violence,0.8589,
0:00:03,2026-04-11 01:07:46,Violence,0.9022,
0:00:03,2026-04-11 01:07:48,Violence,0.9244,
0:00:09,2026-04-11 01:10:21,Violence,0.8718,
0:00:10,2026-04-11 01:10:25,Violence,0.9054,
0:00:10,2026-04-11 01:10:27,Violence,0.9417,
0:00:11,2026-04-11 01:10:29,Violence,0.805,
0:00:11,2026-04-11 01:10:31,Violence,0.8509,
0:00:11,2026-04-11 01:10:33,Violence,0.8524,
0:00:12,2026-04-11 01:10:37,Violence,0.8213,
0:00:05,2026-04-11 01:13:34,Gun,0.8141,"(58, 9, 319, 235)"
0:00:05,2026-04-11 10:27:55,Gun,0.4707,"(20, 0, 315, 240)"
0:00:06,2026-04-11 10:28:02,Gun,0.7588,"(48, 1, 316, 240)"
0:00:08,2026-04-11 10:28:15,Fire,0.8106,"(142, 81, 205, 168)"
0:00:08,2026-04-11 10:28:18,Fire,0.793,"(148, 74, 203, 138)"
0:00:09,2026-04-11 10:28:25,Fire,0.5356,"(163, 67, 229, 169)"
0:00:00,2026-04-11 10:29:37,Gun,0.6869,"(40, 58, 215, 155)"
0:00:00,2026-04-11 10:29:39,Gun,0.6829,"(39, 57, 214, 154)"
0:00:00,2026-04-11 10:29:42,Gun,0.6892,"(25, 58, 209, 153)"
0:00:01,2026-04-11 10:29:45,Gun,0.6795,"(16, 57, 197, 153)"
0:00:01,2026-04-11 10:29:49,Gun,0.6558,"(13, 53, 187, 150)"
0:00:01,2026-04-11 10:29:52,Gun,0.5777,"(10, 53, 184, 149)"
0:00:02,2026-04-11 10:29:57,Gun,0.6739,"(20, 51, 190, 144)"
0:00:02,2026-04-11 10:29:59,Gun,0.5715,"(29, 49, 202, 146)"
0:00:02,2026-04-11 10:30:02,Gun,0.5778,"(39, 49, 218, 143)"
0:00:03,2026-04-11 10:30:04,Gun,0.5941,"(47, 48, 224, 146)"
0:00:03,2026-04-11 10:30:07,Gun,0.5877,"(53, 48, 229, 148)"
0:00:00,2026-04-11 10:30:08,Fire,0.8364,"(47, 16, 120, 88)"
0:00:00,2026-04-11 10:30:11,Fire,0.8142,"(58, 19, 122, 96)"
0:00:00,2026-04-11 10:30:14,Fire,0.8354,"(30, 1, 110, 76)"
0:00:01,2026-04-11 10:30:16,Fire,0.8757,"(34, 11, 117, 86)"
0:00:01,2026-04-11 10:30:19,Fire,0.8675,"(46, 14, 132, 95)"
0:00:02,2026-04-11 10:30:22,Fire,0.6054,"(0, 44, 50, 86)"
0:00:03,2026-04-11 10:30:31,Fire,0.5844,"(0, 7, 55, 85)"
0:00:04,2026-04-11 10:30:38,Fire,0.7435,"(1, 64, 88, 136)"
0:00:04,2026-04-11 10:30:41,Fire,0.5919,"(116, 79, 173, 126)"
0:00:05,2026-04-11 10:30:45,Fire,0.5004,"(173, 67, 243, 117)"
0:00:05,2026-04-11 10:30:50,Fire,0.8863,"(9, 55, 69, 120)"
0:00:06,2026-04-11 10:30:53,Fire,0.8626,"(38, 37, 108, 112)"
0:00:06,2026-04-11 10:30:56,Fire,0.4781,"(56, 2, 109, 82)"
0:00:07,2026-04-11 10:30:59,Fire,0.8883,"(19, 16, 91, 94)"
0:00:07,2026-04-11 10:31:02,Fire,0.8788,"(6, 22, 82, 98)"
0:00:07,2026-04-11 10:31:04,Fire,0.803,"(1, 21, 82, 101)"
0:00:06,2026-04-11 10:37:06,Smoke,0.451,"(147, 56, 214, 128)"
0:00:01,2026-04-11 10:37:30,Fire,0.5524,"(61, 190, 85, 226)"
0:00:02,2026-04-11 10:37:33,Fire,0.6057,"(180, 4, 200, 25)"
0:00:04,2026-04-11 10:37:45,Fire,0.8639,"(82, 4, 247, 136)"
0:00:05,2026-04-11 10:37:48,Fire,0.8963,"(34, 7, 274, 232)"
0:00:05,2026-04-11 10:39:05,Gun,0.4707,"(20, 0, 315, 240)"
0:00:06,2026-04-11 10:39:11,Gun,0.7588,"(48, 1, 316, 240)"
0:00:08,2026-04-11 10:39:25,Fire,0.8106,"(142, 81, 205, 168)"
0:00:08,2026-04-11 10:39:28,Fire,0.793,"(148, 74, 203, 138)"
0:00:09,2026-04-11 10:39:35,Fire,0.5356,"(163, 67, 229, 169)"
0:00:00,2026-04-11 10:42:25,Violence,0.9807,
0:00:00,2026-04-11 10:45:40,Violence,0.8922,
0:00:00,2026-04-11 10:45:42,Violence,0.9879,
0:00:00,2026-04-11 10:45:45,Violence,0.9574,
0:00:01,2026-04-11 10:45:47,Violence,0.951,
0:00:01,2026-04-11 10:45:50,Violence,0.984,
0:00:01,2026-04-11 10:45:52,Violence,0.9797,
0:00:02,2026-04-11 10:45:54,Violence,0.9303,
0:00:02,2026-04-11 10:45:57,Violence,0.9387,
0:00:02,2026-04-11 10:45:59,Violence,0.9723,
0:00:03,2026-04-11 10:46:01,Violence,0.9382,
0:00:03,2026-04-11 10:46:04,Violence,0.8664,
0:00:03,2026-04-11 10:46:06,Violence,0.8789,
0:00:04,2026-04-11 10:46:08,Violence,0.8666,
0:00:04,2026-04-11 10:46:11,Violence,0.686,
0:00:05,2026-04-11 10:46:13,Violence,0.8502,
0:00:05,2026-04-11 10:46:16,Violence,0.9098,
0:00:05,2026-04-11 10:46:18,Violence,0.9529,
0:00:06,2026-04-11 10:46:20,Violence,0.8598,
0:00:05,2026-04-11 11:01:50,Gun,0.4707,"(20, 0, 315, 240)"
0:00:06,2026-04-11 11:01:55,Gun,0.7588,"(48, 1, 316, 240)"
0:00:21,2026-04-11 11:03:11,Gun,0.5345,"(18, 7, 309, 117)"
0:00:25,2026-04-11 11:03:33,Gun,0.5723,"(13, 0, 313, 128)"
0:00:27,2026-04-11 11:03:39,Gun,0.5035,"(11, 0, 313, 107)"
0:00:28,2026-04-11 11:03:45,Gun,0.4927,"(18, 0, 315, 100)"
0:00:30,2026-04-11 11:03:56,Gun,0.5708,"(16, 1, 316, 123)"
0:00:30,2026-04-11 11:04:00,Gun,0.5867,"(20, 32, 189, 116)"
0:00:36,2026-04-11 11:04:27,Gun,0.4621,"(11, 2, 314, 125)"
0:00:37,2026-04-11 11:04:30,Gun,0.4659,"(18, 9, 312, 125)"
0:00:05,2026-04-11 11:10:55,Gun,0.4707,"(20, 0, 315, 240)"
0:00:06,2026-04-11 11:10:59,Gun,0.7588,"(48, 1, 316, 240)"
0:00:21,2026-04-11 11:12:20,Gun,0.5345,"(18, 7, 309, 117)"
0:00:25,2026-04-11 11:12:42,Gun,0.5723,"(13, 0, 313, 128)"
0:00:27,2026-04-11 11:12:49,Gun,0.5035,"(11, 0, 313, 107)"
0:00:28,2026-04-11 11:12:55,Gun,0.4927,"(18, 0, 315, 100)"
0:00:30,2026-04-11 11:13:04,Gun,0.5708,"(16, 1, 316, 123)"
0:00:30,2026-04-11 11:13:08,Gun,0.5867,"(20, 32, 189, 116)"
0:00:36,2026-04-11 11:13:37,Gun,0.4621,"(11, 2, 314, 125)"
0:00:37,2026-04-11 11:13:39,Gun,0.4659,"(18, 9, 312, 125)"
0:00:00,2026-04-11 11:14:23,Fire,0.8364,"(47, 16, 120, 88)"
0:00:00,2026-04-11 11:14:26,Fire,0.8392,"(48, 14, 122, 88)"
0:00:01,2026-04-11 11:14:28,Fire,0.6877,"(19, 0, 102, 75)"
0:00:01,2026-04-11 11:14:30,Fire,0.8515,"(59, 17, 139, 95)"
0:00:01,2026-04-11 11:14:32,Fire,0.8404,"(28, 11, 100, 89)"
0:00:03,2026-04-11 11:14:40,Fire,0.5844,"(0, 7, 55, 85)"
0:00:04,2026-04-11 11:14:46,Fire,0.7435,"(1, 64, 88, 136)"
0:00:04,2026-04-11 11:14:49,Fire,0.5919,"(116, 79, 173, 126)"
0:00:05,2026-04-11 11:14:52,Fire,0.5004,"(173, 67, 243, 117)"
0:00:05,2026-04-11 11:14:56,Fire,0.8863,"(9, 55, 69, 120)"
0:00:06,2026-04-11 11:14:58,Fire,0.8626,"(38, 37, 108, 112)"
0:00:06,2026-04-11 11:15:01,Fire,0.4781,"(56, 2, 109, 82)"
0:00:07,2026-04-11 11:15:03,Fire,0.8883,"(19, 16, 91, 94)"
0:00:07,2026-04-11 11:15:05,Fire,0.8788,"(6, 22, 82, 98)"
0:00:07,2026-04-11 11:15:08,Fire,0.9025,"(6, 21, 89, 102)"
0:00:08,2026-04-11 11:15:10,Fire,0.8466,"(28, 45, 97, 114)"
0:00:08,2026-04-11 11:15:12,Fire,0.6472,"(149, 72, 260, 113)"
0:00:09,2026-04-11 11:15:15,Fire,0.8603,"(6, 66, 63, 115)"
0:00:00,2026-04-11 11:16:06,Violence,0.8922,
0:00:00,2026-04-11 11:16:08,Violence,0.9879,
0:00:00,2026-04-11 11:16:11,Violence,0.9507,
0:00:01,2026-04-11 11:16:13,Violence,0.9728,
0:00:01,2026-04-11 11:16:15,Violence,0.973,
0:00:01,2026-04-11 11:16:18,Violence,0.8621,
0:00:02,2026-04-11 11:16:20,Violence,0.9618,
0:00:02,2026-04-11 11:16:22,Violence,0.9638,
0:00:03,2026-04-11 11:16:25,Violence,0.9726,
0:00:03,2026-04-11 11:16:27,Violence,0.8314,
0:00:03,2026-04-11 11:16:29,Violence,0.8755,
0:00:04,2026-04-11 11:16:32,Violence,0.8925,
0:00:04,2026-04-11 11:16:34,Violence,0.8497,
0:00:04,2026-04-11 11:16:36,Violence,0.8278,
0:00:05,2026-04-11 11:16:39,Violence,0.8228,
0:00:05,2026-04-11 11:16:42,Violence,0.9506,
0:00:06,2026-04-11 11:16:45,Violence,0.8598,
0:00:01,2026-04-14 17:27:56,Gun,0.6475,"(94, 0, 285, 204)"
0:00:01,2026-04-14 17:27:59,Violence,0.8375,
0:00:01,2026-04-14 17:28:02,Violence,0.8517,
0:00:01,2026-04-14 17:28:04,Violence,0.9297,
0:00:01,2026-04-14 17:28:06,Violence,0.9764,
0:00:01,2026-04-14 17:28:09,Violence,0.9743,
0:00:02,2026-04-14 17:28:11,Violence,0.9519,
0:00:02,2026-04-14 17:28:14,Violence,0.8974,
0:00:01,2026-04-14 17:28:49,Gun,0.6475,"(94, 0, 285, 204)"
